{
    "oversized_in_gui": true,
    "model": {
        "type": "range_dispatch",
        "property": "custom_model_data",
        "fallback": {
            "type": "special",
            "base": "item/template_skull",
            "model": {
                "type": "player_head"
            }
        },
        "entries": [
            {

                "threshold": 1,
                "model": {
                    "type": "special",
                    "base": "player_head_1",
                    "model": {
                        "type": "player_head"
                    }
                }
            }
        ]
    }
}